"","TransID","Date","CustomerID","ProductID"
"1",1,2018-05-02,3864,5
"2",2,2018-05-02,2172,1
"3",3,2018-05-02,1287,1
"4",4,2018-05-02,1677,1
"5",5,2018-05-02,705,1
"6",6,2018-05-02,4702,1
"7",7,2018-05-02,3501,4
"8",8,2018-05-02,3949,1
"9",9,2018-05-02,3926,4
"10",10,2018-05-02,1608,2
"11",11,2018-05-02,2074,2
"12",12,2018-05-02,1585,3
"13",13,2018-05-02,4069,2
"14",14,2018-05-03,896,3
"15",15,2018-05-03,818,2
"16",16,2018-05-03,514,4
"17",17,2018-05-03,840,2
"18",18,2018-05-03,985,2
"19",19,2018-05-03,3484,4
"20",20,2018-05-03,2280,1
"21",21,2018-05-03,599,1
"22",22,2018-05-03,311,4
"23",23,2018-05-03,1262,1
"24",24,2018-05-03,1604,2
"25",25,2018-05-03,3133,3
"26",26,2018-05-03,4642,1
"27",27,2018-05-03,4605,2
"28",28,2018-05-03,4588,2
"29",29,2018-05-03,965,2
"30",30,2018-05-03,2478,2
"31",31,2018-05-03,1420,2
"32",32,2018-05-03,4816,4
"33",33,2018-05-03,2254,2
"34",34,2018-05-03,3302,3
"35",35,2018-05-04,4534,5
"36",36,2018-05-04,1970,1
"37",37,2018-05-04,528,3
"38",38,2018-05-04,923,1
"39",39,2018-05-04,3572,2
"40",40,2018-05-04,3730,3
"41",41,2018-05-04,302,2
"42",42,2018-05-04,3579,1
"43",43,2018-05-04,177,1
"44",44,2018-05-04,4563,1
"45",45,2018-05-04,1665,1
"46",46,2018-05-04,2615,2
"47",47,2018-05-04,1103,1
"48",48,2018-05-04,2991,1
"49",49,2018-05-04,2438,2
"50",50,2018-05-04,3611,2
"51",51,2018-05-04,4372,1
"52",52,2018-05-04,4092,2
"53",53,2018-05-04,4707,4
"54",54,2018-05-04,2228,2
"55",55,2018-05-04,3044,4
"56",56,2018-05-05,3223,2
"57",57,2018-05-05,1745,1
"58",58,2018-05-05,1582,1
"59",59,2018-05-05,2727,3
"60",60,2018-05-05,2418,2
"61",61,2018-05-05,1024,4
"62",62,2018-05-05,1517,2
"63",63,2018-05-05,1256,3
"64",64,2018-05-05,4875,1
"65",65,2018-05-05,818,1
"66",66,2018-05-05,2906,1
"67",67,2018-05-05,1637,3
"68",68,2018-05-05,646,2
"69",69,2018-05-05,337,1
"70",70,2018-05-05,2847,3
"71",71,2018-05-05,759,4
"72",72,2018-05-05,183,1
"73",73,2018-05-05,2599,1
"74",74,2018-05-05,1636,3
"75",75,2018-05-05,4834,1
"76",76,2018-05-05,3216,2
"77",77,2018-05-05,4589,1
"78",78,2018-05-05,484,2
"79",79,2018-05-05,4701,3
"80",80,2018-05-05,3650,1
"81",81,2018-05-05,4798,1
"82",82,2018-05-05,1846,2
"83",83,2018-05-06,3289,2
"84",84,2018-05-06,2123,1
"85",85,2018-05-06,3384,1
"86",86,2018-05-06,4027,1
"87",87,2018-05-06,2092,2
"88",88,2018-05-06,2050,1
"89",89,2018-05-06,4786,1
"90",90,2018-05-06,931,2
"91",91,2018-05-06,601,3
"92",92,2018-05-06,1543,2
"93",93,2018-05-06,3727,3
"94",94,2018-05-06,1103,1
"95",95,2018-05-06,3748,1
"96",96,2018-05-06,3068,2
"97",97,2018-05-06,3189,1
"98",98,2018-05-07,2688,4
"99",99,2018-05-07,1274,4
"100",100,2018-05-07,3614,3
"101",101,2018-05-07,2809,4
"102",102,2018-05-07,3583,3
"103",103,2018-05-07,2125,2
"104",104,2018-05-07,3541,5
"105",105,2018-05-07,3544,3
"106",106,2018-05-07,2092,1
"107",107,2018-05-07,189,1
"108",108,2018-05-07,2447,1
"109",109,2018-05-07,3264,3
"110",110,2018-05-07,1166,1
"111",111,2018-05-07,3288,4
"112",112,2018-05-07,3911,1
"113",113,2018-05-07,361,4
"114",114,2018-05-07,3916,3
"115",115,2018-05-07,4536,2
"116",116,2018-05-08,793,1
"117",117,2018-05-08,2352,1
"118",118,2018-05-08,1325,2
"119",119,2018-05-08,3427,4
"120",120,2018-05-08,1199,2
"121",121,2018-05-08,2593,5
"122",122,2018-05-08,2169,3
"123",123,2018-05-08,4592,3
"124",124,2018-05-08,3331,1
"125",125,2018-05-08,2221,1
"126",126,2018-05-08,371,5
"127",127,2018-05-08,2502,2
"128",128,2018-05-08,4449,4
"129",129,2018-05-08,4159,1
"130",130,2018-05-08,1815,3
"131",131,2018-05-08,1903,1
"132",132,2018-05-08,3488,3
"133",133,2018-05-08,4379,1
"134",134,2018-05-08,2844,3
"135",135,2018-05-09,4992,3
"136",136,2018-05-09,2649,3
"137",137,2018-05-09,1348,1
"138",138,2018-05-09,2281,4
"139",139,2018-05-09,1878,4
"140",140,2018-05-09,2628,2
"141",141,2018-05-09,4583,3
"142",142,2018-05-09,3294,2
"143",143,2018-05-09,3630,1
"144",144,2018-05-09,1203,2
"145",145,2018-05-09,1617,1
"146",146,2018-05-09,154,3
"147",147,2018-05-09,4482,4
"148",148,2018-05-09,1956,2
"149",149,2018-05-09,1438,1
"150",150,2018-05-09,3421,3
"151",151,2018-05-09,3333,2
"152",152,2018-05-09,1907,2
"153",153,2018-05-10,4497,3
"154",154,2018-05-10,1746,1
"155",155,2018-05-10,2809,1
"156",156,2018-05-10,3744,3
"157",157,2018-05-10,3515,4
"158",158,2018-05-10,1501,4
"159",159,2018-05-10,2806,2
"160",160,2018-05-10,3596,2
"161",161,2018-05-10,3798,4
"162",162,2018-05-10,481,2
"163",163,2018-05-10,3626,1
"164",164,2018-05-10,3744,3
"165",165,2018-05-10,4792,2
"166",166,2018-05-10,4681,2
"167",167,2018-05-10,1726,2
"168",168,2018-05-11,330,4
"169",169,2018-05-11,693,1
"170",170,2018-05-11,1536,1
"171",171,2018-05-11,1711,1
"172",172,2018-05-11,4337,3
"173",173,2018-05-11,3202,1
"174",174,2018-05-11,2652,1
"175",175,2018-05-11,3149,1
"176",176,2018-05-11,1868,3
"177",177,2018-05-11,1068,3
"178",178,2018-05-11,2730,1
"179",179,2018-05-11,3549,1
"180",180,2018-05-11,2206,1
"181",181,2018-05-11,1325,1
"182",182,2018-05-11,2596,1
"183",183,2018-05-11,1476,3
"184",184,2018-05-11,189,3
"185",185,2018-05-11,3064,4
"186",186,2018-05-11,4849,3
"187",187,2018-05-11,3270,1
"188",188,2018-05-11,549,1
"189",189,2018-05-11,3036,3
"190",190,2018-05-12,2771,3
"191",191,2018-05-12,4836,2
"192",192,2018-05-12,2000,1
"193",193,2018-05-12,2166,2
"194",194,2018-05-12,870,1
"195",195,2018-05-12,2942,2
"196",196,2018-05-12,1946,3
"197",197,2018-05-12,2323,4
"198",198,2018-05-12,691,1
"199",199,2018-05-12,792,2
"200",200,2018-05-12,97,1
"201",201,2018-05-12,2666,1
"202",202,2018-05-12,3297,2
"203",203,2018-05-12,2225,2
"204",204,2018-05-12,4168,1
"205",205,2018-05-12,2341,1
"206",206,2018-05-12,3146,2
"207",207,2018-05-12,3085,1
"208",208,2018-05-12,1085,3
"209",209,2018-05-12,4919,2
"210",210,2018-05-12,3766,1
"211",211,2018-05-12,2211,2
"212",212,2018-05-12,3974,2
"213",213,2018-05-12,1208,1
"214",214,2018-05-12,2124,2
"215",215,2018-05-13,2695,3
"216",216,2018-05-13,727,1
"217",217,2018-05-13,2370,2
"218",218,2018-05-13,3931,1
"219",219,2018-05-13,2027,2
"220",220,2018-05-13,3682,3
"221",221,2018-05-13,2095,1
"222",222,2018-05-13,318,2
"223",223,2018-05-13,2483,4
"224",224,2018-05-13,2206,2
"225",225,2018-05-13,1152,4
"226",226,2018-05-13,1756,1
"227",227,2018-05-13,3735,2
"228",228,2018-05-13,4307,1
"229",229,2018-05-13,2078,2
"230",230,2018-05-13,4295,2
"231",231,2018-05-13,447,3
"232",232,2018-05-13,3259,1
"233",233,2018-05-13,591,2
"234",234,2018-05-14,2820,2
"235",235,2018-05-14,1463,1
"236",236,2018-05-14,152,1
"237",237,2018-05-14,1134,1
"238",238,2018-05-14,1215,1
"239",239,2018-05-14,3929,2
"240",240,2018-05-14,2178,2
"241",241,2018-05-14,4274,2
"242",242,2018-05-14,4339,4
"243",243,2018-05-14,2664,4
"244",244,2018-05-14,1191,2
"245",245,2018-05-14,2636,2
"246",246,2018-05-14,3304,3
"247",247,2018-05-14,3912,1
"248",248,2018-05-14,1468,1
"249",249,2018-05-15,534,1
"250",250,2018-05-15,2638,4
"251",251,2018-05-15,2775,1
"252",252,2018-05-15,4745,1
"253",253,2018-05-15,3521,1
"254",254,2018-05-15,2348,2
"255",255,2018-05-15,4652,1
"256",256,2018-05-15,2255,1
"257",257,2018-05-15,227,3
"258",258,2018-05-15,3566,3
"259",259,2018-05-15,1238,2
"260",260,2018-05-15,2195,1
"261",261,2018-05-15,4438,4
"262",262,2018-05-15,4671,1
"263",263,2018-05-16,2578,1
"264",264,2018-05-16,868,2
"265",265,2018-05-16,4138,2
"266",266,2018-05-16,3726,1
"267",267,2018-05-16,1780,1
"268",268,2018-05-16,2043,2
"269",269,2018-05-16,281,3
"270",270,2018-05-16,459,1
"271",271,2018-05-16,1143,5
"272",272,2018-05-16,3328,3
"273",273,2018-05-16,3748,4
"274",274,2018-05-16,4229,2
"275",275,2018-05-16,4833,4
"276",276,2018-05-16,847,3
"277",277,2018-05-16,4898,1
"278",278,2018-05-16,3401,1
"279",279,2018-05-17,2398,2
"280",280,2018-05-17,1085,3
"281",281,2018-05-17,2230,3
"282",282,2018-05-17,1460,3
"283",283,2018-05-17,1720,1
"284",284,2018-05-17,2000,2
"285",285,2018-05-17,4319,2
"286",286,2018-05-17,1160,5
"287",287,2018-05-17,3053,1
"288",288,2018-05-17,4606,3
"289",289,2018-05-17,4177,1
"290",290,2018-05-17,3448,1
"291",291,2018-05-17,2567,2
"292",292,2018-05-17,4143,1
"293",293,2018-05-17,1082,4
"294",294,2018-05-17,2597,2
"295",295,2018-05-17,156,2
"296",296,2018-05-17,3598,4
"297",297,2018-05-17,1961,2
"298",298,2018-05-17,217,1
"299",299,2018-05-18,1836,1
"300",300,2018-05-18,3598,5
"301",301,2018-05-18,2187,1
"302",302,2018-05-18,3434,2
"303",303,2018-05-18,1982,1
"304",304,2018-05-18,2735,1
"305",305,2018-05-18,4423,1
"306",306,2018-05-18,2314,1
"307",307,2018-05-18,3304,3
"308",308,2018-05-18,3246,2
"309",309,2018-05-18,4755,1
"310",310,2018-05-18,4068,2
"311",311,2018-05-18,318,2
"312",312,2018-05-18,3275,1
"313",313,2018-05-18,1825,1
"314",314,2018-05-18,2423,3
"315",315,2018-05-18,4140,1
"316",316,2018-05-18,1397,1
"317",317,2018-05-18,1148,2
"318",318,2018-05-19,4306,5
"319",319,2018-05-19,554,1
"320",320,2018-05-19,3583,4
"321",321,2018-05-19,4081,2
"322",322,2018-05-19,1365,1
"323",323,2018-05-19,4087,2
"324",324,2018-05-19,646,1
"325",325,2018-05-19,3319,1
"326",326,2018-05-19,3203,3
"327",327,2018-05-19,1060,1
"328",328,2018-05-19,2575,1
"329",329,2018-05-19,3384,2
"330",330,2018-05-19,4698,1
"331",331,2018-05-19,2687,3
"332",332,2018-05-19,3264,2
"333",333,2018-05-19,3883,3
"334",334,2018-05-19,2740,1
"335",335,2018-05-19,1122,3
"336",336,2018-05-19,32,2
"337",337,2018-05-19,1461,1
"338",338,2018-05-19,760,2
"339",339,2018-05-19,4246,2
"340",340,2018-05-19,4603,3
"341",341,2018-05-19,1803,4
"342",342,2018-05-19,1102,4
"343",343,2018-05-19,1332,1
"344",344,2018-05-19,2270,4
"345",345,2018-05-20,4388,1
"346",346,2018-05-20,2938,1
"347",347,2018-05-20,584,5
"348",348,2018-05-20,2089,2
"349",349,2018-05-20,931,3
"350",350,2018-05-20,2497,2
"351",351,2018-05-20,300,2
"352",352,2018-05-20,1486,2
"353",353,2018-05-20,1083,3
"354",354,2018-05-20,4671,1
"355",355,2018-05-20,4093,3
"356",356,2018-05-20,1495,3
"357",357,2018-05-20,4354,3
"358",358,2018-05-20,3635,4
"359",359,2018-05-20,2621,3
"360",360,2018-05-20,516,3
"361",361,2018-05-20,46,1
"362",362,2018-05-20,1662,1
"363",363,2018-05-20,854,2
"364",364,2018-05-20,4820,1
"365",365,2018-05-20,2663,2
"366",366,2018-05-20,171,4
"367",367,2018-05-20,4197,2
"368",368,2018-05-20,655,2
"369",369,2018-05-20,4474,1
"370",370,2018-05-20,2034,2
"371",371,2018-05-20,2299,3
"372",372,2018-05-20,4941,1
"373",373,2018-05-20,4125,1
"374",374,2018-05-20,41,1
"375",375,2018-05-21,3837,1
"376",376,2018-05-21,1307,2
"377",377,2018-05-21,3385,3
"378",378,2018-05-21,4278,3
"379",379,2018-05-21,2078,3
"380",380,2018-05-21,4087,3
"381",381,2018-05-21,4666,1
"382",382,2018-05-21,2633,2
"383",383,2018-05-21,577,2
"384",384,2018-05-21,797,3
"385",385,2018-05-21,3019,3
"386",386,2018-05-21,4194,4
"387",387,2018-05-21,3358,1
"388",388,2018-05-21,1045,3
"389",389,2018-05-21,1059,4
"390",390,2018-05-21,21,3
"391",391,2018-05-21,1269,2
"392",392,2018-05-21,709,1
"393",393,2018-05-21,1116,2
"394",394,2018-05-22,404,3
"395",395,2018-05-22,2795,2
"396",396,2018-05-22,4064,2
"397",397,2018-05-22,4261,1
"398",398,2018-05-22,2687,4
"399",399,2018-05-22,1633,1
"400",400,2018-05-22,2057,4
"401",401,2018-05-22,2815,2
"402",402,2018-05-22,2706,3
"403",403,2018-05-22,3345,2
"404",404,2018-05-22,3014,2
"405",405,2018-05-22,4206,1
"406",406,2018-05-22,919,2
"407",407,2018-05-22,4722,1
"408",408,2018-05-22,3934,4
"409",409,2018-05-22,3409,2
"410",410,2018-05-23,291,3
"411",411,2018-05-23,263,1
"412",412,2018-05-23,290,1
"413",413,2018-05-23,3965,2
"414",414,2018-05-23,789,2
"415",415,2018-05-23,3035,1
"416",416,2018-05-23,4373,2
"417",417,2018-05-23,3301,4
"418",418,2018-05-24,4399,1
"419",419,2018-05-24,3770,4
"420",420,2018-05-24,2599,2
"421",421,2018-05-24,4738,4
"422",422,2018-05-24,1995,3
"423",423,2018-05-24,2593,2
"424",424,2018-05-24,3083,4
"425",425,2018-05-24,125,3
"426",426,2018-05-24,2682,1
"427",427,2018-05-24,4039,3
"428",428,2018-05-24,4416,4
"429",429,2018-05-24,2525,1
"430",430,2018-05-24,1771,3
"431",431,2018-05-24,2346,1
"432",432,2018-05-24,2933,2
"433",433,2018-05-24,2963,1
"434",434,2018-05-24,1246,2
"435",435,2018-05-24,4966,4
"436",436,2018-05-25,14,1
"437",437,2018-05-25,1419,1
"438",438,2018-05-25,1152,2
"439",439,2018-05-25,4094,3
"440",440,2018-05-25,2223,2
"441",441,2018-05-25,2342,2
"442",442,2018-05-25,4912,2
"443",443,2018-05-25,3276,1
"444",444,2018-05-25,4195,3
"445",445,2018-05-25,125,1
"446",446,2018-05-25,2832,4
"447",447,2018-05-25,854,2
"448",448,2018-05-25,4978,2
"449",449,2018-05-25,3175,3
"450",450,2018-05-25,3975,3
"451",451,2018-05-25,25,1
"452",452,2018-05-25,2123,1
"453",453,2018-05-25,2556,4
"454",454,2018-05-25,1222,1
"455",455,2018-05-25,2474,1
"456",456,2018-05-26,1028,1
"457",457,2018-05-26,2477,2
"458",458,2018-05-26,656,5
"459",459,2018-05-26,3376,1
"460",460,2018-05-26,4873,4
"461",461,2018-05-26,2081,1
"462",462,2018-05-26,2897,3
"463",463,2018-05-26,417,4
"464",464,2018-05-26,316,1
"465",465,2018-05-26,1700,3
"466",466,2018-05-26,151,1
"467",467,2018-05-26,4555,2
"468",468,2018-05-26,4379,3
"469",469,2018-05-26,2299,2
"470",470,2018-05-26,2195,2
"471",471,2018-05-26,1844,3
"472",472,2018-05-26,766,2
"473",473,2018-05-26,4302,2
"474",474,2018-05-26,1841,2
"475",475,2018-05-27,2431,2
"476",476,2018-05-27,4535,2
"477",477,2018-05-27,3448,4
"478",478,2018-05-27,2288,3
"479",479,2018-05-27,4777,2
"480",480,2018-05-27,3973,1
"481",481,2018-05-27,2016,4
"482",482,2018-05-27,3497,1
"483",483,2018-05-27,3684,4
"484",484,2018-05-27,3231,3
"485",485,2018-05-27,1098,2
"486",486,2018-05-27,3321,1
"487",487,2018-05-27,2650,5
"488",488,2018-05-27,4370,2
"489",489,2018-05-27,3436,2
"490",490,2018-05-27,433,1
"491",491,2018-05-27,2072,4
"492",492,2018-05-27,362,2
"493",493,2018-05-27,1256,1
"494",494,2018-05-27,1761,4
"495",495,2018-05-27,2278,3
"496",496,2018-05-28,759,4
"497",497,2018-05-28,2447,2
"498",498,2018-05-28,1552,1
"499",499,2018-05-28,3777,2
"500",500,2018-05-28,2853,4
"501",501,2018-05-28,4113,4
"502",502,2018-05-28,204,2
"503",503,2018-05-28,3490,1
"504",504,2018-05-28,778,1
"505",505,2018-05-28,4094,4
"506",506,2018-05-28,3290,2
"507",507,2018-05-28,4870,1
"508",508,2018-05-28,4459,1
"509",509,2018-05-28,778,1
"510",510,2018-05-28,3121,4
"511",511,2018-05-29,985,2
"512",512,2018-05-29,1028,3
"513",513,2018-05-29,1203,2
"514",514,2018-05-29,2629,4
"515",515,2018-05-29,4496,2
"516",516,2018-05-29,2457,3
"517",517,2018-05-29,2375,2
"518",518,2018-05-29,1842,2
"519",519,2018-05-29,4738,5
"520",520,2018-05-29,2204,1
"521",521,2018-05-29,1114,2
"522",522,2018-05-29,3842,1
"523",523,2018-05-29,1512,1
"524",524,2018-05-29,2780,3
"525",525,2018-05-30,193,2
"526",526,2018-05-30,4256,4
"527",527,2018-05-30,782,4
"528",528,2018-05-30,4388,1
"529",529,2018-05-30,2054,1
"530",530,2018-05-30,4032,3
"531",531,2018-05-30,2489,2
"532",532,2018-05-30,3585,3
"533",533,2018-05-30,580,3
"534",534,2018-05-30,4023,1
"535",535,2018-05-30,6,1
"536",536,2018-05-30,3264,1
"537",537,2018-05-30,979,3
"538",538,2018-05-30,1714,4
"539",539,2018-05-30,1767,1
"540",540,2018-05-30,2054,1
"541",541,2018-05-30,184,2
"542",542,2018-05-31,2596,3
"543",543,2018-05-31,1640,4
"544",544,2018-05-31,3827,1
"545",545,2018-05-31,4024,1
"546",546,2018-05-31,2469,2
"547",547,2018-05-31,1223,1
"548",548,2018-05-31,3877,2
"549",549,2018-05-31,931,3
"550",550,2018-05-31,15,3
"551",551,2018-05-31,4504,2
"552",552,2018-05-31,3296,2
"553",553,2018-05-31,1313,4
"554",554,2018-05-31,3776,1
"555",555,2018-05-31,2360,1
"556",556,2018-05-31,924,4
"557",557,2018-05-31,4897,3
"558",558,2018-06-01,861,2
"559",559,2018-06-01,1301,2
"560",560,2018-06-01,4075,3
"561",561,2018-06-01,1708,3
"562",562,2018-06-01,3040,1
"563",563,2018-06-01,906,2
"564",564,2018-06-01,2131,1
"565",565,2018-06-01,4649,2
"566",566,2018-06-01,4573,2
"567",567,2018-06-01,1423,1
"568",568,2018-06-02,4019,1
"569",569,2018-06-02,2957,2
"570",570,2018-06-02,3652,2
"571",571,2018-06-02,3710,1
"572",572,2018-06-02,4603,2
"573",573,2018-06-02,4849,4
"574",574,2018-06-02,1187,1
"575",575,2018-06-02,1766,2
"576",576,2018-06-02,1875,2
"577",577,2018-06-02,123,3
"578",578,2018-06-02,2577,1
"579",579,2018-06-02,1692,3
"580",580,2018-06-02,2383,1
"581",581,2018-06-02,4681,3
"582",582,2018-06-02,4534,2
"583",583,2018-06-02,2479,1
"584",584,2018-06-02,4385,1
"585",585,2018-06-02,4806,2
"586",586,2018-06-02,4581,2
"587",587,2018-06-02,754,2
"588",588,2018-06-02,2756,1
"589",589,2018-06-02,3064,3
"590",590,2018-06-02,4732,4
"591",591,2018-06-02,2980,1
"592",592,2018-06-02,1746,1
"593",593,2018-06-02,2855,2
"594",594,2018-06-02,3110,4
"595",595,2018-06-02,4824,2
"596",596,2018-06-02,257,3
"597",597,2018-06-02,2983,3
"598",598,2018-06-03,4996,1
"599",599,2018-06-03,759,3
"600",600,2018-06-03,2616,1
"601",601,2018-06-03,552,5
"602",602,2018-06-03,2676,4
"603",603,2018-06-03,4073,3
"604",604,2018-06-03,596,2
"605",605,2018-06-03,3162,4
"606",606,2018-06-03,1875,1
"607",607,2018-06-03,3197,3
"608",608,2018-06-03,3296,1
"609",609,2018-06-03,968,1
"610",610,2018-06-03,2455,2
"611",611,2018-06-03,1778,1
"612",612,2018-06-03,2971,4
"613",613,2018-06-03,1572,4
"614",614,2018-06-03,2558,1
"615",615,2018-06-03,229,2
"616",616,2018-06-03,1798,5
"617",617,2018-06-03,4983,1
"618",618,2018-06-03,2689,1
"619",619,2018-06-04,4292,1
"620",620,2018-06-04,4998,2
"621",621,2018-06-04,2539,3
"622",622,2018-06-04,2942,3
"623",623,2018-06-04,3246,2
"624",624,2018-06-04,1454,2
"625",625,2018-06-04,1156,3
"626",626,2018-06-04,3831,3
"627",627,2018-06-04,3714,3
"628",628,2018-06-04,3512,1
"629",629,2018-06-04,4078,1
"630",630,2018-06-04,4165,2
"631",631,2018-06-04,4932,3
"632",632,2018-06-04,4357,1
"633",633,2018-06-04,3264,3
"634",634,2018-06-04,4849,3
"635",635,2018-06-04,2152,1
"636",636,2018-06-04,3916,4
"637",637,2018-06-04,1512,4
"638",638,2018-06-04,3708,1
"639",639,2018-06-05,2999,2
"640",640,2018-06-05,4673,1
"641",641,2018-06-05,4094,2
"642",642,2018-06-05,2821,2
"643",643,2018-06-05,1587,1
"644",644,2018-06-05,3131,1
"645",645,2018-06-05,928,3
"646",646,2018-06-05,3314,3
"647",647,2018-06-05,1992,2
"648",648,2018-06-05,1992,3
"649",649,2018-06-05,4204,2
"650",650,2018-06-05,759,3
"651",651,2018-06-05,3874,1
"652",652,2018-06-05,4912,4
"653",653,2018-06-05,3968,3
"654",654,2018-06-05,3428,1
"655",655,2018-06-05,4101,2
"656",656,2018-06-05,302,2
"657",657,2018-06-05,1937,1
"658",658,2018-06-06,1996,1
"659",659,2018-06-06,2426,1
"660",660,2018-06-06,4376,1
"661",661,2018-06-06,219,3
"662",662,2018-06-06,1943,2
"663",663,2018-06-06,4006,1
"664",664,2018-06-06,3522,1
"665",665,2018-06-06,2189,4
"666",666,2018-06-06,4086,2
"667",667,2018-06-06,910,1
"668",668,2018-06-06,1470,2
"669",669,2018-06-06,3892,2
"670",670,2018-06-06,1251,2
"671",671,2018-06-06,1748,2
"672",672,2018-06-06,2009,2
"673",673,2018-06-07,656,2
"674",674,2018-06-07,1754,1
"675",675,2018-06-07,2168,4
"676",676,2018-06-07,3259,3
"677",677,2018-06-07,4505,1
"678",678,2018-06-07,4075,1
"679",679,2018-06-07,1380,4
"680",680,2018-06-07,1700,2
"681",681,2018-06-07,2555,2
"682",682,2018-06-07,3856,1
"683",683,2018-06-07,188,1
"684",684,2018-06-07,1836,2
"685",685,2018-06-07,3789,1
"686",686,2018-06-07,1092,3
"687",687,2018-06-07,828,3
"688",688,2018-06-08,3440,3
"689",689,2018-06-08,4896,2
"690",690,2018-06-08,968,2
"691",691,2018-06-08,1117,1
"692",692,2018-06-08,1573,1
"693",693,2018-06-08,2066,1
"694",694,2018-06-08,4316,1
"695",695,2018-06-08,4848,2
"696",696,2018-06-08,11,1
"697",697,2018-06-08,442,1
"698",698,2018-06-08,1857,2
"699",699,2018-06-08,2261,4
"700",700,2018-06-08,3948,3
"701",701,2018-06-08,1035,1
"702",702,2018-06-08,168,4
"703",703,2018-06-08,4646,2
"704",704,2018-06-08,3637,1
"705",705,2018-06-08,1040,1
"706",706,2018-06-08,3480,3
"707",707,2018-06-09,4304,5
"708",708,2018-06-09,2766,1
"709",709,2018-06-09,3240,3
"710",710,2018-06-09,4259,1
"711",711,2018-06-09,3145,1
"712",712,2018-06-09,2918,4
"713",713,2018-06-09,1261,3
"714",714,2018-06-09,2470,4
"715",715,2018-06-09,2511,2
"716",716,2018-06-09,2854,3
"717",717,2018-06-09,696,4
"718",718,2018-06-09,557,3
"719",719,2018-06-09,2548,2
"720",720,2018-06-09,4854,3
"721",721,2018-06-09,486,2
"722",722,2018-06-09,3999,1
"723",723,2018-06-09,2199,2
"724",724,2018-06-09,4421,1
"725",725,2018-06-09,630,2
"726",726,2018-06-09,2455,2
"727",727,2018-06-09,3736,2
"728",728,2018-06-09,124,2
"729",729,2018-06-09,1102,2
"730",730,2018-06-09,3720,1
"731",731,2018-06-09,4953,2
"732",732,2018-06-09,4128,2
"733",733,2018-06-09,4465,1
"734",734,2018-06-10,216,3
"735",735,2018-06-10,3211,1
"736",736,2018-06-10,992,1
"737",737,2018-06-10,1609,1
"738",738,2018-06-10,4094,1
"739",739,2018-06-10,4130,2
"740",740,2018-06-10,2011,3
"741",741,2018-06-10,2408,1
"742",742,2018-06-10,3180,1
"743",743,2018-06-10,1374,2
"744",744,2018-06-10,4271,2
"745",745,2018-06-10,2006,3
"746",746,2018-06-10,630,2
"747",747,2018-06-10,1939,2
"748",748,2018-06-10,3496,2
"749",749,2018-06-10,4512,2
"750",750,2018-06-10,4287,3
"751",751,2018-06-10,3523,2
"752",752,2018-06-10,4180,1
"753",753,2018-06-11,1368,1
"754",754,2018-06-11,3828,1
"755",755,2018-06-11,460,3
"756",756,2018-06-11,3831,2
"757",757,2018-06-11,4995,2
"758",758,2018-06-11,2041,1
"759",759,2018-06-11,2045,2
"760",760,2018-06-11,1586,2
"761",761,2018-06-11,4702,2
"762",762,2018-06-11,3840,1
"763",763,2018-06-12,4189,1
"764",764,2018-06-12,705,5
"765",765,2018-06-12,670,3
"766",766,2018-06-12,3618,1
"767",767,2018-06-12,2789,2
"768",768,2018-06-12,4551,2
"769",769,2018-06-12,4483,3
"770",770,2018-06-12,4227,1
"771",771,2018-06-12,2666,3
"772",772,2018-06-12,2331,2
"773",773,2018-06-12,4664,1
"774",774,2018-06-12,2245,3
"775",775,2018-06-12,4813,4
"776",776,2018-06-12,4431,1
"777",777,2018-06-12,63,3
"778",778,2018-06-12,2229,2
"779",779,2018-06-12,919,1
"780",780,2018-06-12,407,4
"781",781,2018-06-12,2934,1
"782",782,2018-06-13,4931,1
"783",783,2018-06-13,94,3
"784",784,2018-06-13,3714,3
"785",785,2018-06-13,4196,1
"786",786,2018-06-13,1137,4
"787",787,2018-06-13,3945,1
"788",788,2018-06-13,3083,1
"789",789,2018-06-13,1409,4
"790",790,2018-06-13,1379,2
"791",791,2018-06-13,651,2
"792",792,2018-06-13,3105,2
"793",793,2018-06-13,3363,1
"794",794,2018-06-13,2871,2
"795",795,2018-06-13,196,3
"796",796,2018-06-13,3089,2
"797",797,2018-06-14,3193,5
"798",798,2018-06-14,1604,1
"799",799,2018-06-14,4020,4
"800",800,2018-06-14,2244,4
"801",801,2018-06-14,2978,1
"802",802,2018-06-14,1262,2
"803",803,2018-06-14,599,1
"804",804,2018-06-14,4314,1
"805",805,2018-06-14,4532,1
"806",806,2018-06-14,2735,2
"807",807,2018-06-14,1312,1
"808",808,2018-06-14,2135,2
"809",809,2018-06-14,1804,2
"810",810,2018-06-14,2375,2
"811",811,2018-06-14,3536,4
"812",812,2018-06-14,980,1
"813",813,2018-06-14,3077,4
"814",814,2018-06-14,4500,1
"815",815,2018-06-14,1178,5
"816",816,2018-06-15,171,2
"817",817,2018-06-15,4734,2
"818",818,2018-06-15,2566,3
"819",819,2018-06-15,4342,1
"820",820,2018-06-15,2403,1
"821",821,2018-06-15,1298,2
"822",822,2018-06-15,3685,1
"823",823,2018-06-15,19,4
"824",824,2018-06-15,1517,4
"825",825,2018-06-15,1843,3
"826",826,2018-06-15,3016,3
"827",827,2018-06-15,933,4
"828",828,2018-06-15,4444,4
"829",829,2018-06-15,3584,1
"830",830,2018-06-15,2059,1
"831",831,2018-06-15,1810,1
"832",832,2018-06-15,2666,1
"833",833,2018-06-15,3721,2
"834",834,2018-06-16,1217,1
"835",835,2018-06-16,2066,3
"836",836,2018-06-16,4513,2
"837",837,2018-06-16,2281,1
"838",838,2018-06-16,1034,3
"839",839,2018-06-16,3219,1
"840",840,2018-06-16,2025,1
"841",841,2018-06-16,1870,1
"842",842,2018-06-16,1746,1
"843",843,2018-06-16,1749,2
"844",844,2018-06-16,356,1
"845",845,2018-06-16,1384,1
"846",846,2018-06-16,2511,4
"847",847,2018-06-16,2016,4
"848",848,2018-06-16,2302,2
"849",849,2018-06-16,4753,4
"850",850,2018-06-16,3205,2
"851",851,2018-06-16,3406,1
"852",852,2018-06-16,970,4
"853",853,2018-06-17,1753,2
"854",854,2018-06-17,1143,1
"855",855,2018-06-17,2918,1
"856",856,2018-06-17,4111,3
"857",857,2018-06-17,4998,1
"858",858,2018-06-17,3124,1
"859",859,2018-06-17,2846,4
"860",860,2018-06-17,1332,2
"861",861,2018-06-17,4763,4
"862",862,2018-06-17,502,2
"863",863,2018-06-17,2492,2
"864",864,2018-06-17,3625,1
"865",865,2018-06-17,4479,2
"866",866,2018-06-17,627,1
"867",867,2018-06-17,3361,3
"868",868,2018-06-17,1803,2
"869",869,2018-06-17,353,2
"870",870,2018-06-17,1815,1
"871",871,2018-06-17,4479,3
"872",872,2018-06-18,3511,2
"873",873,2018-06-18,1133,1
"874",874,2018-06-18,2772,1
"875",875,2018-06-18,73,1
"876",876,2018-06-18,734,1
"877",877,2018-06-18,1142,1
"878",878,2018-06-18,766,4
"879",879,2018-06-18,1586,1
"880",880,2018-06-18,59,2
"881",881,2018-06-18,3289,2
"882",882,2018-06-18,3254,2
"883",883,2018-06-18,3427,2
"884",884,2018-06-18,711,2
"885",885,2018-06-18,3014,2
"886",886,2018-06-18,4171,1
"887",887,2018-06-18,4552,1
"888",888,2018-06-18,4618,1
"889",889,2018-06-18,4471,3
"890",890,2018-06-18,1193,1
"891",891,2018-06-18,3376,3
"892",892,2018-06-18,2126,4
"893",893,2018-06-18,4340,1
"894",894,2018-06-19,3582,2
"895",895,2018-06-19,4470,3
"896",896,2018-06-19,3207,3
"897",897,2018-06-19,4528,1
"898",898,2018-06-19,905,1
"899",899,2018-06-19,3714,2
"900",900,2018-06-19,4350,1
"901",901,2018-06-19,25,1
"902",902,2018-06-19,2600,1
"903",903,2018-06-19,736,2
"904",904,2018-06-19,197,2
"905",905,2018-06-19,603,3
"906",906,2018-06-19,2127,1
"907",907,2018-06-19,2409,2
"908",908,2018-06-19,2220,1
"909",909,2018-06-19,1692,2
"910",910,2018-06-19,3778,1
"911",911,2018-06-19,4150,2
"912",912,2018-06-19,2874,1
"913",913,2018-06-19,3914,1
"914",914,2018-06-19,2928,2
"915",915,2018-06-19,4430,1
"916",916,2018-06-19,2703,2
"917",917,2018-06-19,3725,4
"918",918,2018-06-20,3201,4
"919",919,2018-06-20,2133,4
"920",920,2018-06-20,1235,4
"921",921,2018-06-20,4026,2
"922",922,2018-06-20,2271,1
"923",923,2018-06-20,2378,2
"924",924,2018-06-20,3319,2
"925",925,2018-06-20,1235,2
"926",926,2018-06-20,2291,2
"927",927,2018-06-20,4686,2
"928",928,2018-06-20,3652,1
"929",929,2018-06-20,2363,2
"930",930,2018-06-20,3557,1
"931",931,2018-06-20,1665,2
"932",932,2018-06-21,4393,1
"933",933,2018-06-21,3212,1
"934",934,2018-06-21,4412,2
"935",935,2018-06-21,654,2
"936",936,2018-06-21,4279,1
"937",937,2018-06-21,2871,2
"938",938,2018-06-21,2357,1
"939",939,2018-06-21,2217,3
"940",940,2018-06-21,1200,1
"941",941,2018-06-21,2485,1
"942",942,2018-06-21,4483,1
"943",943,2018-06-21,4610,1
"944",944,2018-06-21,2302,3
"945",945,2018-06-21,1445,1
"946",946,2018-06-21,1968,1
"947",947,2018-06-21,2048,1
"948",948,2018-06-21,1967,1
"949",949,2018-06-21,3730,1
"950",950,2018-06-21,1057,2
"951",951,2018-06-22,4606,3
"952",952,2018-06-22,2776,1
"953",953,2018-06-22,4944,4
"954",954,2018-06-22,3249,1
"955",955,2018-06-22,2019,4
"956",956,2018-06-22,2621,2
"957",957,2018-06-22,936,1
"958",958,2018-06-22,2491,1
"959",959,2018-06-22,2137,3
"960",960,2018-06-22,2325,1
"961",961,2018-06-22,4838,2
"962",962,2018-06-22,1489,2
"963",963,2018-06-22,4848,2
"964",964,2018-06-22,1660,4
"965",965,2018-06-22,3184,1
"966",966,2018-06-22,1451,2
"967",967,2018-06-23,1624,1
"968",968,2018-06-23,3685,2
"969",969,2018-06-23,1403,1
"970",970,2018-06-23,4588,3
"971",971,2018-06-23,2777,2
"972",972,2018-06-23,207,2
"973",973,2018-06-23,376,4
"974",974,2018-06-23,2547,2
"975",975,2018-06-23,1476,3
"976",976,2018-06-23,1891,5
"977",977,2018-06-23,538,4
"978",978,2018-06-23,1371,2
"979",979,2018-06-23,566,2
"980",980,2018-06-23,4092,1
"981",981,2018-06-23,4543,4
"982",982,2018-06-23,4162,2
"983",983,2018-06-23,4156,1
"984",984,2018-06-23,1190,4
"985",985,2018-06-23,2319,4
"986",986,2018-06-23,1758,1
"987",987,2018-06-23,1799,3
"988",988,2018-06-23,2512,2
"989",989,2018-06-23,4482,3
"990",990,2018-06-23,1574,2
"991",991,2018-06-23,3682,3
"992",992,2018-06-23,2999,2
"993",993,2018-06-23,1723,1
"994",994,2018-06-23,4619,2
"995",995,2018-06-24,1759,3
"996",996,2018-06-24,2789,2
"997",997,2018-06-24,2789,3
"998",998,2018-06-24,2960,3
"999",999,2018-06-24,3563,2
"1000",1000,2018-06-24,4786,2
"1001",1001,2018-06-24,2950,3
"1002",1002,2018-06-24,1956,2
"1003",1003,2018-06-24,934,4
"1004",1004,2018-06-24,665,2
"1005",1005,2018-06-24,189,3
"1006",1006,2018-06-24,3330,2
"1007",1007,2018-06-24,2155,1
"1008",1008,2018-06-24,2570,1
"1009",1009,2018-06-24,316,4
"1010",1010,2018-06-24,670,1
"1011",1011,2018-06-24,252,1
"1012",1012,2018-06-24,3510,2
"1013",1013,2018-06-24,3315,3
"1014",1014,2018-06-24,2588,1
"1015",1015,2018-06-24,2293,2
"1016",1016,2018-06-24,2371,2
"1017",1017,2018-06-24,4209,1
"1018",1018,2018-06-24,3827,2
"1019",1019,2018-06-25,4177,1
"1020",1020,2018-06-25,4104,1
"1021",1021,2018-06-25,2338,2
"1022",1022,2018-06-25,2873,1
"1023",1023,2018-06-25,4471,2
"1024",1024,2018-06-25,3035,2
"1025",1025,2018-06-25,3453,1
"1026",1026,2018-06-25,987,1
"1027",1027,2018-06-25,1559,1
"1028",1028,2018-06-25,3214,3
"1029",1029,2018-06-25,3938,2
"1030",1030,2018-06-25,2262,1
"1031",1031,2018-06-25,396,4
"1032",1032,2018-06-26,1106,1
"1033",1033,2018-06-26,3838,2
"1034",1034,2018-06-26,3801,4
"1035",1035,2018-06-26,2246,1
"1036",1036,2018-06-26,2302,4
"1037",1037,2018-06-26,4065,1
"1038",1038,2018-06-26,2296,2
"1039",1039,2018-06-26,3679,1
"1040",1040,2018-06-26,1011,1
"1041",1041,2018-06-26,2553,2
"1042",1042,2018-06-27,3322,3
"1043",1043,2018-06-27,2856,4
"1044",1044,2018-06-27,3221,3
"1045",1045,2018-06-27,3503,1
"1046",1046,2018-06-27,4561,1
"1047",1047,2018-06-27,3982,1
"1048",1048,2018-06-27,913,4
"1049",1049,2018-06-27,1926,1
"1050",1050,2018-06-27,3847,3
"1051",1051,2018-06-27,4683,1
"1052",1052,2018-06-27,4901,1
"1053",1053,2018-06-27,777,3
"1054",1054,2018-06-27,2712,2
"1055",1055,2018-06-27,2496,2
"1056",1056,2018-06-27,2567,2
"1057",1057,2018-06-27,211,2
"1058",1058,2018-06-27,3458,3
"1059",1059,2018-06-27,2261,1
"1060",1060,2018-06-27,1453,1
"1061",1061,2018-06-27,1445,1
"1062",1062,2018-06-27,3464,1
"1063",1063,2018-06-27,4515,2
"1064",1064,2018-06-28,4326,1
"1065",1065,2018-06-28,3162,2
"1066",1066,2018-06-28,2465,2
"1067",1067,2018-06-28,2404,1
"1068",1068,2018-06-28,1964,2
"1069",1069,2018-06-28,4503,3
"1070",1070,2018-06-28,1397,3
"1071",1071,2018-06-28,1979,3
"1072",1072,2018-06-28,2857,4
"1073",1073,2018-06-28,1710,1
"1074",1074,2018-06-28,1531,2
"1075",1075,2018-06-28,2761,1
"1076",1076,2018-06-28,2197,1
"1077",1077,2018-06-28,1297,1
"1078",1078,2018-06-28,2633,3
"1079",1079,2018-06-28,1447,1
"1080",1080,2018-06-28,1923,2
"1081",1081,2018-06-29,4526,3
"1082",1082,2018-06-29,674,1
"1083",1083,2018-06-29,2077,2
"1084",1084,2018-06-29,1393,2
"1085",1085,2018-06-29,3847,4
"1086",1086,2018-06-29,2944,1
"1087",1087,2018-06-29,361,2
"1088",1088,2018-06-29,2280,2
"1089",1089,2018-06-29,3198,1
"1090",1090,2018-06-29,1209,4
"1091",1091,2018-06-29,2678,1
"1092",1092,2018-06-29,1752,1
"1093",1093,2018-06-29,3535,1
"1094",1094,2018-06-29,2465,2
"1095",1095,2018-06-29,608,2
"1096",1096,2018-06-29,789,2
"1097",1097,2018-06-29,2857,3
"1098",1098,2018-06-29,3483,2
"1099",1099,2018-06-29,1906,2
"1100",1100,2018-06-29,300,3
"1101",1101,2018-06-29,203,4
"1102",1102,2018-06-29,3642,2
"1103",1103,2018-06-29,4378,2
"1104",1104,2018-06-29,680,1
"1105",1105,2018-06-29,3220,2
"1106",1106,2018-06-30,1359,2
"1107",1107,2018-06-30,1019,1
"1108",1108,2018-06-30,4817,2
"1109",1109,2018-06-30,3590,2
"1110",1110,2018-06-30,1730,1
"1111",1111,2018-06-30,4543,3
"1112",1112,2018-06-30,1703,1
"1113",1113,2018-06-30,2777,1
"1114",1114,2018-06-30,4643,1
"1115",1115,2018-06-30,3705,2
"1116",1116,2018-06-30,725,3
"1117",1117,2018-06-30,215,2
"1118",1118,2018-06-30,906,3
"1119",1119,2018-06-30,1090,1
"1120",1120,2018-06-30,1774,1
"1121",1121,2018-06-30,3195,2
"1122",1122,2018-06-30,1267,3
"1123",1123,2018-06-30,850,1
"1124",1124,2018-06-30,1984,1
"1125",1125,2018-06-30,505,2
"1126",1126,2018-06-30,4786,1
"1127",1127,2018-06-30,2181,3
"1128",1128,2018-06-30,748,3
"1129",1129,2018-06-30,2956,1
"1130",1130,2018-06-30,3612,1
"1131",1131,2018-06-30,4944,3
"1132",1132,2018-06-30,1508,1
"1133",1133,2018-07-01,524,2
"1134",1134,2018-07-01,4490,2
"1135",1135,2018-07-01,2547,1
"1136",1136,2018-07-01,2672,1
"1137",1137,2018-07-01,1894,1
"1138",1138,2018-07-01,8,2
"1139",1139,2018-07-01,1988,3
"1140",1140,2018-07-01,4076,3
"1141",1141,2018-07-01,4741,3
"1142",1142,2018-07-01,4313,2
"1143",1143,2018-07-01,485,2
"1144",1144,2018-07-01,915,2
"1145",1145,2018-07-01,2911,1
"1146",1146,2018-07-01,70,2
"1147",1147,2018-07-01,4712,1
"1148",1148,2018-07-01,3590,5
"1149",1149,2018-07-01,232,1
"1150",1150,2018-07-01,1316,3
"1151",1151,2018-07-01,4079,2
"1152",1152,2018-07-02,691,3
"1153",1153,2018-07-02,2683,3
"1154",1154,2018-07-02,375,3
"1155",1155,2018-07-02,1506,2
"1156",1156,2018-07-02,1505,1
"1157",1157,2018-07-02,1802,1
"1158",1158,2018-07-02,4687,2
"1159",1159,2018-07-02,3904,1
"1160",1160,2018-07-02,2590,2
"1161",1161,2018-07-02,4222,1
"1162",1162,2018-07-02,146,4
"1163",1163,2018-07-02,4866,2
"1164",1164,2018-07-02,4280,4
"1165",1165,2018-07-02,3294,4
"1166",1166,2018-07-02,4988,2
"1167",1167,2018-07-03,2824,1
"1168",1168,2018-07-03,420,3
"1169",1169,2018-07-03,2800,1
"1170",1170,2018-07-03,1289,2
"1171",1171,2018-07-03,4927,1
"1172",1172,2018-07-03,2283,4
"1173",1173,2018-07-03,4633,1
"1174",1174,2018-07-03,3328,2
"1175",1175,2018-07-03,2116,1
"1176",1176,2018-07-03,2316,2
"1177",1177,2018-07-03,3945,2
"1178",1178,2018-07-03,1566,3
"1179",1179,2018-07-03,499,2
"1180",1180,2018-07-03,3404,2
"1181",1181,2018-07-03,3483,3
"1182",1182,2018-07-03,896,3
"1183",1183,2018-07-03,606,2
"1184",1184,2018-07-03,1807,1
"1185",1185,2018-07-03,4674,2
"1186",1186,2018-07-04,4355,4
"1187",1187,2018-07-04,3653,1
"1188",1188,2018-07-04,1474,2
"1189",1189,2018-07-04,26,2
"1190",1190,2018-07-04,136,1
"1191",1191,2018-07-04,4677,2
"1192",1192,2018-07-04,145,2
"1193",1193,2018-07-04,451,1
"1194",1194,2018-07-04,660,1
"1195",1195,2018-07-04,215,2
"1196",1196,2018-07-04,1451,3
"1197",1197,2018-07-04,2002,2
"1198",1198,2018-07-04,2123,3
"1199",1199,2018-07-04,2006,2
"1200",1200,2018-07-04,4708,2
"1201",1201,2018-07-04,2039,2
"1202",1202,2018-07-04,4306,2
"1203",1203,2018-07-04,4790,3
"1204",1204,2018-07-04,856,1
"1205",1205,2018-07-04,4431,2
"1206",1206,2018-07-05,4883,1
"1207",1207,2018-07-05,522,1
"1208",1208,2018-07-05,3069,1
"1209",1209,2018-07-05,1633,2
"1210",1210,2018-07-05,3469,3
"1211",1211,2018-07-05,2952,4
"1212",1212,2018-07-05,2173,4
"1213",1213,2018-07-05,4068,2
"1214",1214,2018-07-05,412,1
"1215",1215,2018-07-05,4534,1
"1216",1216,2018-07-05,1709,1
"1217",1217,2018-07-05,818,3
"1218",1218,2018-07-05,3676,3
"1219",1219,2018-07-05,1861,4
"1220",1220,2018-07-05,3158,5
"1221",1221,2018-07-05,1849,1
"1222",1222,2018-07-06,3860,1
"1223",1223,2018-07-06,3252,1
"1224",1224,2018-07-06,271,2
"1225",1225,2018-07-06,2104,3
"1226",1226,2018-07-06,4191,4
"1227",1227,2018-07-06,1969,1
"1228",1228,2018-07-06,3951,4
"1229",1229,2018-07-06,3018,1
"1230",1230,2018-07-06,2925,2
"1231",1231,2018-07-06,480,1
"1232",1232,2018-07-06,3516,1
"1233",1233,2018-07-06,2830,2
"1234",1234,2018-07-06,121,3
"1235",1235,2018-07-06,4265,3
"1236",1236,2018-07-06,1120,2
"1237",1237,2018-07-07,2666,2
"1238",1238,2018-07-07,1852,1
"1239",1239,2018-07-07,1319,2
"1240",1240,2018-07-07,726,2
"1241",1241,2018-07-07,2648,2
"1242",1242,2018-07-07,1922,2
"1243",1243,2018-07-07,1314,3
"1244",1244,2018-07-07,2197,1
"1245",1245,2018-07-07,750,2
"1246",1246,2018-07-07,1586,1
"1247",1247,2018-07-07,1620,2
"1248",1248,2018-07-07,1380,3
"1249",1249,2018-07-07,3206,1
"1250",1250,2018-07-07,4617,2
"1251",1251,2018-07-07,2297,1
"1252",1252,2018-07-07,3429,2
"1253",1253,2018-07-07,4552,2
"1254",1254,2018-07-07,2371,1
"1255",1255,2018-07-08,3182,1
"1256",1256,2018-07-08,300,2
"1257",1257,2018-07-08,401,2
"1258",1258,2018-07-08,1576,5
"1259",1259,2018-07-08,1004,1
"1260",1260,2018-07-08,2996,2
"1261",1261,2018-07-08,1753,2
"1262",1262,2018-07-08,2427,3
"1263",1263,2018-07-08,4433,2
"1264",1264,2018-07-08,2706,2
"1265",1265,2018-07-08,1616,3
"1266",1266,2018-07-08,1022,2
"1267",1267,2018-07-08,127,3
"1268",1268,2018-07-08,510,2
"1269",1269,2018-07-08,4460,1
"1270",1270,2018-07-08,1482,2
"1271",1271,2018-07-08,4325,2
"1272",1272,2018-07-08,2725,1
"1273",1273,2018-07-08,1039,4
"1274",1274,2018-07-08,2351,4
"1275",1275,2018-07-08,2854,4
"1276",1276,2018-07-09,2751,1
"1277",1277,2018-07-09,4302,4
"1278",1278,2018-07-09,2735,2
"1279",1279,2018-07-09,3341,3
"1280",1280,2018-07-09,1274,1
"1281",1281,2018-07-09,2622,3
"1282",1282,2018-07-09,4471,5
"1283",1283,2018-07-09,2957,2
"1284",1284,2018-07-09,1379,3
"1285",1285,2018-07-09,1480,1
"1286",1286,2018-07-09,1737,2
"1287",1287,2018-07-09,4607,1
"1288",1288,2018-07-09,2777,2
"1289",1289,2018-07-09,4642,3
"1290",1290,2018-07-09,1710,2
"1291",1291,2018-07-09,1411,1
"1292",1292,2018-07-09,4663,1
"1293",1293,2018-07-09,1835,2
"1294",1294,2018-07-09,3601,1
"1295",1295,2018-07-09,1451,2
"1296",1296,2018-07-09,4236,1
"1297",1297,2018-07-10,86,1
"1298",1298,2018-07-10,4388,1
"1299",1299,2018-07-10,485,1
"1300",1300,2018-07-10,1263,1
"1301",1301,2018-07-10,2299,3
"1302",1302,2018-07-10,781,1
"1303",1303,2018-07-10,2392,2
"1304",1304,2018-07-10,4150,1
"1305",1305,2018-07-10,3365,4
"1306",1306,2018-07-10,619,1
"1307",1307,2018-07-10,4943,1
"1308",1308,2018-07-10,1672,1
"1309",1309,2018-07-10,1984,2
"1310",1310,2018-07-10,3191,3
"1311",1311,2018-07-10,4057,1
"1312",1312,2018-07-10,2742,2
"1313",1313,2018-07-10,4132,2
"1314",1314,2018-07-10,4837,2
"1315",1315,2018-07-10,748,2
"1316",1316,2018-07-11,1026,1
"1317",1317,2018-07-11,3720,4
"1318",1318,2018-07-11,198,2
"1319",1319,2018-07-11,2106,3
"1320",1320,2018-07-11,3448,4
"1321",1321,2018-07-11,301,3
"1322",1322,2018-07-11,3090,2
"1323",1323,2018-07-11,4794,2
"1324",1324,2018-07-11,422,1
"1325",1325,2018-07-11,1435,1
"1326",1326,2018-07-11,2479,1
"1327",1327,2018-07-11,2185,1
"1328",1328,2018-07-11,3585,2
"1329",1329,2018-07-11,2976,1
"1330",1330,2018-07-11,122,2
"1331",1331,2018-07-12,3851,2
"1332",1332,2018-07-12,3170,1
"1333",1333,2018-07-12,4757,1
"1334",1334,2018-07-12,2910,4
"1335",1335,2018-07-12,262,3
"1336",1336,2018-07-12,1092,3
"1337",1337,2018-07-12,1678,1
"1338",1338,2018-07-12,600,3
"1339",1339,2018-07-12,1178,2
"1340",1340,2018-07-12,2383,1
"1341",1341,2018-07-12,2733,1
"1342",1342,2018-07-12,1026,4
"1343",1343,2018-07-12,2622,3
"1344",1344,2018-07-12,441,2
"1345",1345,2018-07-13,1876,2
"1346",1346,2018-07-13,1580,2
"1347",1347,2018-07-13,3818,2
"1348",1348,2018-07-13,4952,1
"1349",1349,2018-07-13,1468,1
"1350",1350,2018-07-13,2228,2
"1351",1351,2018-07-13,4414,1
"1352",1352,2018-07-13,1152,2
"1353",1353,2018-07-13,1642,2
"1354",1354,2018-07-13,1076,1
"1355",1355,2018-07-13,3981,3
"1356",1356,2018-07-13,3677,1
"1357",1357,2018-07-13,2599,4
"1358",1358,2018-07-13,1100,1
"1359",1359,2018-07-13,2161,1
"1360",1360,2018-07-13,2230,4
"1361",1361,2018-07-13,94,4
"1362",1362,2018-07-14,211,1
"1363",1363,2018-07-14,1300,2
"1364",1364,2018-07-14,3622,1
"1365",1365,2018-07-14,3788,2
"1366",1366,2018-07-14,1503,1
"1367",1367,2018-07-14,925,1
"1368",1368,2018-07-14,116,1
"1369",1369,2018-07-14,2777,1
"1370",1370,2018-07-14,3591,2
"1371",1371,2018-07-14,933,1
"1372",1372,2018-07-14,135,3
"1373",1373,2018-07-14,4270,1
"1374",1374,2018-07-14,2925,2
"1375",1375,2018-07-14,632,3
"1376",1376,2018-07-14,3805,4
"1377",1377,2018-07-14,4952,4
"1378",1378,2018-07-14,4855,2
"1379",1379,2018-07-14,3289,1
"1380",1380,2018-07-14,3240,2
"1381",1381,2018-07-14,2037,1
"1382",1382,2018-07-14,3652,2
"1383",1383,2018-07-14,4898,2
"1384",1384,2018-07-14,3033,1
"1385",1385,2018-07-14,647,2
"1386",1386,2018-07-14,2315,2
"1387",1387,2018-07-14,3010,2
"1388",1388,2018-07-14,502,3
"1389",1389,2018-07-14,4007,1
"1390",1390,2018-07-14,1799,2
"1391",1391,2018-07-14,830,2
"1392",1392,2018-07-15,1708,2
"1393",1393,2018-07-15,3672,2
"1394",1394,2018-07-15,4588,1
"1395",1395,2018-07-15,1138,3
"1396",1396,2018-07-15,2562,2
"1397",1397,2018-07-15,2152,3
"1398",1398,2018-07-15,4538,4
"1399",1399,2018-07-15,1393,3
"1400",1400,2018-07-15,2423,3
"1401",1401,2018-07-15,3847,2
"1402",1402,2018-07-15,2660,2
"1403",1403,2018-07-15,3358,2
"1404",1404,2018-07-15,4129,2
"1405",1405,2018-07-15,2591,2
"1406",1406,2018-07-15,2962,3
"1407",1407,2018-07-15,95,3
"1408",1408,2018-07-15,3233,3
"1409",1409,2018-07-15,1387,4
"1410",1410,2018-07-15,3990,2
"1411",1411,2018-07-15,2952,2
"1412",1412,2018-07-15,2551,1
"1413",1413,2018-07-15,4792,1
"1414",1414,2018-07-16,1334,4
"1415",1415,2018-07-16,1860,2
"1416",1416,2018-07-16,2008,3
"1417",1417,2018-07-16,2923,3
"1418",1418,2018-07-16,2657,1
"1419",1419,2018-07-16,426,1
"1420",1420,2018-07-16,1346,5
"1421",1421,2018-07-16,135,2
"1422",1422,2018-07-16,4838,4
"1423",1423,2018-07-16,1248,1
"1424",1424,2018-07-16,326,1
"1425",1425,2018-07-16,3709,3
"1426",1426,2018-07-16,2283,2
"1427",1427,2018-07-16,4954,4
"1428",1428,2018-07-16,3320,1
"1429",1429,2018-07-16,4586,1
"1430",1430,2018-07-16,683,2
"1431",1431,2018-07-17,1493,2
"1432",1432,2018-07-17,353,2
"1433",1433,2018-07-17,1467,1
"1434",1434,2018-07-17,1723,2
"1435",1435,2018-07-17,1699,2
"1436",1436,2018-07-17,2109,3
"1437",1437,2018-07-17,3031,1
"1438",1438,2018-07-17,3909,4
"1439",1439,2018-07-17,711,5
"1440",1440,2018-07-17,881,3
"1441",1441,2018-07-17,139,4
"1442",1442,2018-07-17,4833,2
"1443",1443,2018-07-17,3712,2
"1444",1444,2018-07-17,1521,5
"1445",1445,2018-07-17,4584,1
"1446",1446,2018-07-17,997,3
"1447",1447,2018-07-17,1996,2
"1448",1448,2018-07-18,3063,2
"1449",1449,2018-07-18,4299,3
"1450",1450,2018-07-18,4981,1
"1451",1451,2018-07-18,3946,1
"1452",1452,2018-07-18,3394,1
"1453",1453,2018-07-18,4825,2
"1454",1454,2018-07-18,2161,3
"1455",1455,2018-07-18,3546,2
"1456",1456,2018-07-18,3027,3
"1457",1457,2018-07-18,4240,1
"1458",1458,2018-07-18,1146,1
"1459",1459,2018-07-18,1038,2
"1460",1460,2018-07-18,1343,1
"1461",1461,2018-07-18,1505,2
"1462",1462,2018-07-19,4999,2
"1463",1463,2018-07-19,4835,1
"1464",1464,2018-07-19,3217,1
"1465",1465,2018-07-19,1487,4
"1466",1466,2018-07-19,2369,1
"1467",1467,2018-07-19,3424,1
"1468",1468,2018-07-19,3089,2
"1469",1469,2018-07-19,4388,2
"1470",1470,2018-07-19,4901,2
"1471",1471,2018-07-19,2889,3
"1472",1472,2018-07-19,881,3
"1473",1473,2018-07-19,3134,1
"1474",1474,2018-07-19,2672,1
"1475",1475,2018-07-19,4163,1
"1476",1476,2018-07-19,80,3
"1477",1477,2018-07-19,3738,5
"1478",1478,2018-07-20,135,2
"1479",1479,2018-07-20,2057,3
"1480",1480,2018-07-20,4052,2
"1481",1481,2018-07-20,4518,2
"1482",1482,2018-07-20,1859,1
"1483",1483,2018-07-20,316,1
"1484",1484,2018-07-20,2359,1
"1485",1485,2018-07-20,2104,3
"1486",1486,2018-07-20,2014,4
"1487",1487,2018-07-20,2641,1
"1488",1488,2018-07-20,1432,3
"1489",1489,2018-07-20,4675,1
"1490",1490,2018-07-21,1490,1
"1491",1491,2018-07-21,3702,4
"1492",1492,2018-07-21,4648,1
"1493",1493,2018-07-21,3066,2
"1494",1494,2018-07-21,1178,2
"1495",1495,2018-07-21,1175,3
"1496",1496,2018-07-21,488,2
"1497",1497,2018-07-21,2420,4
"1498",1498,2018-07-21,125,2
"1499",1499,2018-07-21,1994,3
"1500",1500,2018-07-21,2873,2
"1501",1501,2018-07-21,4174,3
"1502",1502,2018-07-21,3124,2
"1503",1503,2018-07-21,1435,1
"1504",1504,2018-07-21,2039,1
"1505",1505,2018-07-21,4645,2
"1506",1506,2018-07-21,3380,1
"1507",1507,2018-07-21,830,1
"1508",1508,2018-07-21,3306,1
"1509",1509,2018-07-21,2623,4
"1510",1510,2018-07-21,1549,2
"1511",1511,2018-07-21,1455,3
"1512",1512,2018-07-21,1566,1
"1513",1513,2018-07-21,3218,4
"1514",1514,2018-07-21,133,2
"1515",1515,2018-07-21,3478,1
"1516",1516,2018-07-21,4868,2
"1517",1517,2018-07-21,377,1
"1518",1518,2018-07-21,371,3
"1519",1519,2018-07-21,624,2
"1520",1520,2018-07-21,2303,1
"1521",1521,2018-07-21,893,2
"1522",1522,2018-07-21,1411,1
"1523",1523,2018-07-22,4345,1
"1524",1524,2018-07-22,1589,1
"1525",1525,2018-07-22,2672,1
"1526",1526,2018-07-22,1842,3
"1527",1527,2018-07-22,2717,1
"1528",1528,2018-07-22,432,1
"1529",1529,2018-07-22,2875,3
"1530",1530,2018-07-22,3516,2
"1531",1531,2018-07-22,3682,2
"1532",1532,2018-07-22,415,2
"1533",1533,2018-07-22,97,2
"1534",1534,2018-07-22,826,3
"1535",1535,2018-07-22,4605,1
"1536",1536,2018-07-22,1662,1
"1537",1537,2018-07-22,1268,2
"1538",1538,2018-07-22,2654,2
"1539",1539,2018-07-22,4162,2
"1540",1540,2018-07-22,1994,1
"1541",1541,2018-07-22,3483,2
"1542",1542,2018-07-22,935,2
"1543",1543,2018-07-22,2840,1
"1544",1544,2018-07-22,630,3
"1545",1545,2018-07-22,1498,1
"1546",1546,2018-07-22,688,1
"1547",1547,2018-07-22,1415,2
"1548",1548,2018-07-22,2830,2
"1549",1549,2018-07-22,1584,1
"1550",1550,2018-07-23,917,1
"1551",1551,2018-07-23,2390,1
"1552",1552,2018-07-23,1478,5
"1553",1553,2018-07-23,2258,4
"1554",1554,2018-07-23,3667,1
"1555",1555,2018-07-23,4900,1
"1556",1556,2018-07-23,4447,2
"1557",1557,2018-07-23,1587,1
"1558",1558,2018-07-23,2547,1
"1559",1559,2018-07-23,4153,4
"1560",1560,2018-07-23,4317,2
"1561",1561,2018-07-24,1812,1
"1562",1562,2018-07-24,213,1
"1563",1563,2018-07-24,4267,1
"1564",1564,2018-07-24,118,4
"1565",1565,2018-07-24,3431,3
"1566",1566,2018-07-24,1114,3
"1567",1567,2018-07-24,668,2
"1568",1568,2018-07-24,18,2
"1569",1569,2018-07-24,4347,3
"1570",1570,2018-07-24,4803,2
"1571",1571,2018-07-24,2290,1
"1572",1572,2018-07-24,4925,3
"1573",1573,2018-07-24,1610,1
"1574",1574,2018-07-24,3541,2
"1575",1575,2018-07-24,4922,2
"1576",1576,2018-07-24,2048,3
"1577",1577,2018-07-24,3468,2
"1578",1578,2018-07-25,1354,1
"1579",1579,2018-07-25,4033,2
"1580",1580,2018-07-25,4633,1
"1581",1581,2018-07-25,9,1
"1582",1582,2018-07-25,3842,4
"1583",1583,2018-07-25,1446,4
"1584",1584,2018-07-25,4530,4
"1585",1585,2018-07-25,2047,1
"1586",1586,2018-07-25,2769,2
"1587",1587,2018-07-25,2169,2
"1588",1588,2018-07-25,3576,2
"1589",1589,2018-07-25,3157,3
"1590",1590,2018-07-25,4000,1
"1591",1591,2018-07-25,4265,1
"1592",1592,2018-07-25,1559,2
"1593",1593,2018-07-25,3665,4
"1594",1594,2018-07-25,1889,2
"1595",1595,2018-07-25,2354,3
"1596",1596,2018-07-25,354,2
"1597",1597,2018-07-25,3736,2
"1598",1598,2018-07-26,1770,2
"1599",1599,2018-07-26,787,2
"1600",1600,2018-07-26,2935,4
"1601",1601,2018-07-26,658,3
"1602",1602,2018-07-26,1704,2
"1603",1603,2018-07-26,2289,2
"1604",1604,2018-07-26,668,2
"1605",1605,2018-07-26,1951,2
"1606",1606,2018-07-26,186,3
"1607",1607,2018-07-26,3812,2
"1608",1608,2018-07-26,3256,2
"1609",1609,2018-07-26,1142,2
"1610",1610,2018-07-26,2540,1
"1611",1611,2018-07-26,4567,2
"1612",1612,2018-07-26,349,1
"1613",1613,2018-07-26,3685,2
"1614",1614,2018-07-26,1427,2
"1615",1615,2018-07-26,4560,3
"1616",1616,2018-07-26,728,2
"1617",1617,2018-07-27,3928,1
"1618",1618,2018-07-27,4231,2
"1619",1619,2018-07-27,615,1
"1620",1620,2018-07-27,3026,2
"1621",1621,2018-07-27,3066,1
"1622",1622,2018-07-27,3267,3
"1623",1623,2018-07-27,4279,1
"1624",1624,2018-07-27,4576,2
"1625",1625,2018-07-27,3567,5
"1626",1626,2018-07-27,74,2
"1627",1627,2018-07-27,2181,1
"1628",1628,2018-07-27,2346,1
"1629",1629,2018-07-27,4670,4
"1630",1630,2018-07-28,4707,2
"1631",1631,2018-07-28,532,2
"1632",1632,2018-07-28,4906,1
"1633",1633,2018-07-28,8,2
"1634",1634,2018-07-28,1857,2
"1635",1635,2018-07-28,2274,1
"1636",1636,2018-07-28,1466,1
"1637",1637,2018-07-28,1144,2
"1638",1638,2018-07-28,773,4
"1639",1639,2018-07-28,4920,1
"1640",1640,2018-07-28,3754,3
"1641",1641,2018-07-28,3837,2
"1642",1642,2018-07-28,2885,1
"1643",1643,2018-07-28,1604,2
"1644",1644,2018-07-28,4574,2
"1645",1645,2018-07-28,1333,3
"1646",1646,2018-07-28,1813,4
"1647",1647,2018-07-28,2283,3
"1648",1648,2018-07-29,3325,2
"1649",1649,2018-07-29,3127,2
"1650",1650,2018-07-29,4337,4
"1651",1651,2018-07-29,2312,2
"1652",1652,2018-07-29,3374,2
"1653",1653,2018-07-29,4558,1
"1654",1654,2018-07-29,4599,3
"1655",1655,2018-07-29,153,3
"1656",1656,2018-07-29,868,1
"1657",1657,2018-07-29,3550,2
"1658",1658,2018-07-29,4240,2
"1659",1659,2018-07-29,4339,2
"1660",1660,2018-07-29,4264,2
"1661",1661,2018-07-29,4861,2
"1662",1662,2018-07-29,727,1
"1663",1663,2018-07-29,290,1
"1664",1664,2018-07-30,1781,2
"1665",1665,2018-07-30,3848,1
"1666",1666,2018-07-30,3756,1
"1667",1667,2018-07-30,4138,3
"1668",1668,2018-07-30,4303,2
"1669",1669,2018-07-30,3714,4
"1670",1670,2018-07-30,2014,3
"1671",1671,2018-07-30,3553,1
"1672",1672,2018-07-30,4372,1
"1673",1673,2018-07-30,2553,1
"1674",1674,2018-07-30,3290,1
"1675",1675,2018-07-30,3968,1
"1676",1676,2018-07-30,242,2
"1677",1677,2018-07-30,1611,3
"1678",1678,2018-07-30,4780,2
"1679",1679,2018-07-30,2470,1
"1680",1680,2018-07-30,3431,2
"1681",1681,2018-07-30,617,4
"1682",1682,2018-07-30,1303,1
"1683",1683,2018-07-30,3214,3
"1684",1684,2018-07-30,1904,2
"1685",1685,2018-07-30,4968,2
"1686",1686,2018-07-30,507,1
"1687",1687,2018-07-31,4772,2
"1688",1688,2018-07-31,1623,2
"1689",1689,2018-07-31,3165,1
"1690",1690,2018-07-31,4037,1
"1691",1691,2018-07-31,1692,3
"1692",1692,2018-07-31,116,3
"1693",1693,2018-07-31,4318,3
"1694",1694,2018-07-31,4996,1
"1695",1695,2018-07-31,465,1
"1696",1696,2018-07-31,2427,3
"1697",1697,2018-07-31,386,3
"1698",1698,2018-07-31,2757,4
"1699",1699,2018-07-31,2660,1
"1700",1700,2018-07-31,1427,1
"1701",1701,2018-07-31,4087,3
"1702",1702,2018-07-31,2105,3
"1703",1703,2018-07-31,2615,4
"1704",1704,2018-07-31,3443,1
"1705",1705,2018-07-31,1243,2
"1706",1706,2018-08-01,1604,2
"1707",1707,2018-08-01,465,1
"1708",1708,2018-08-01,3302,2
"1709",1709,2018-08-01,647,2
"1710",1710,2018-08-01,2866,3
"1711",1711,2018-08-01,4078,1
"1712",1712,2018-08-01,2847,2
"1713",1713,2018-08-01,4294,2
"1714",1714,2018-08-01,1161,1
"1715",1715,2018-08-01,3770,2
"1716",1716,2018-08-01,2353,4
"1717",1717,2018-08-01,1439,1
"1718",1718,2018-08-01,3831,2
"1719",1719,2018-08-01,1181,4
"1720",1720,2018-08-01,3658,1
"1721",1721,2018-08-01,749,1
"1722",1722,2018-08-01,4463,2
"1723",1723,2018-08-01,4789,1
"1724",1724,2018-08-01,3936,1
"1725",1725,2018-08-01,146,3
"1726",1726,2018-08-02,1289,1
"1727",1727,2018-08-02,4008,1
"1728",1728,2018-08-02,2823,2
"1729",1729,2018-08-02,60,3
"1730",1730,2018-08-02,3299,1
"1731",1731,2018-08-02,1963,5
"1732",1732,2018-08-02,2148,1
"1733",1733,2018-08-02,3616,1
"1734",1734,2018-08-02,635,1
"1735",1735,2018-08-02,3730,2
"1736",1736,2018-08-02,2804,2
"1737",1737,2018-08-02,4174,2
"1738",1738,2018-08-02,2912,3
"1739",1739,2018-08-02,3082,1
"1740",1740,2018-08-02,463,2
"1741",1741,2018-08-02,4254,2
"1742",1742,2018-08-02,3527,3
"1743",1743,2018-08-03,2043,1
"1744",1744,2018-08-03,1254,4
"1745",1745,2018-08-03,4205,3
"1746",1746,2018-08-03,1585,2
"1747",1747,2018-08-03,4849,2
"1748",1748,2018-08-03,4204,2
"1749",1749,2018-08-03,1889,2
"1750",1750,2018-08-03,57,1
"1751",1751,2018-08-03,2718,1
"1752",1752,2018-08-03,1725,2
"1753",1753,2018-08-03,2126,3
"1754",1754,2018-08-03,1733,2
"1755",1755,2018-08-03,3369,1
"1756",1756,2018-08-03,4641,2
"1757",1757,2018-08-03,3010,2
"1758",1758,2018-08-03,3342,1
"1759",1759,2018-08-03,1219,3
"1760",1760,2018-08-03,1428,2
"1761",1761,2018-08-03,515,2
"1762",1762,2018-08-03,1408,4
"1763",1763,2018-08-03,4124,3
"1764",1764,2018-08-03,450,5
"1765",1765,2018-08-03,1250,4
"1766",1766,2018-08-04,619,4
"1767",1767,2018-08-04,1380,1
"1768",1768,2018-08-04,1028,2
"1769",1769,2018-08-04,3644,2
"1770",1770,2018-08-04,3847,1
"1771",1771,2018-08-04,2923,3
"1772",1772,2018-08-04,1143,5
"1773",1773,2018-08-04,3588,3
"1774",1774,2018-08-04,3622,2
"1775",1775,2018-08-04,4997,2
"1776",1776,2018-08-04,3262,1
"1777",1777,2018-08-04,2207,1
"1778",1778,2018-08-04,2793,3
"1779",1779,2018-08-04,40,4
"1780",1780,2018-08-04,979,5
"1781",1781,2018-08-04,4,1
"1782",1782,2018-08-04,4495,1
"1783",1783,2018-08-04,828,1
"1784",1784,2018-08-04,4228,4
"1785",1785,2018-08-05,87,4
"1786",1786,2018-08-05,2215,1
"1787",1787,2018-08-05,4946,2
"1788",1788,2018-08-05,3878,1
"1789",1789,2018-08-05,3929,3
"1790",1790,2018-08-05,2844,3
"1791",1791,2018-08-05,2084,1
"1792",1792,2018-08-05,21,1
"1793",1793,2018-08-05,4154,3
"1794",1794,2018-08-05,1423,1
"1795",1795,2018-08-05,3847,2
"1796",1796,2018-08-05,354,1
"1797",1797,2018-08-05,2564,3
"1798",1798,2018-08-05,838,2
"1799",1799,2018-08-05,4510,1
"1800",1800,2018-08-05,4115,4
"1801",1801,2018-08-05,4518,3
"1802",1802,2018-08-05,2312,1
"1803",1803,2018-08-05,4018,3
"1804",1804,2018-08-05,2313,4
"1805",1805,2018-08-05,763,2
"1806",1806,2018-08-05,2871,4
"1807",1807,2018-08-05,2416,1
"1808",1808,2018-08-05,1200,1
"1809",1809,2018-08-06,2887,1
"1810",1810,2018-08-06,709,1
"1811",1811,2018-08-06,3558,1
"1812",1812,2018-08-06,1708,3
"1813",1813,2018-08-06,1619,1
"1814",1814,2018-08-06,3681,2
"1815",1815,2018-08-06,846,1
"1816",1816,2018-08-06,2415,1
"1817",1817,2018-08-06,2665,4
"1818",1818,2018-08-06,4366,1
"1819",1819,2018-08-06,3869,4
"1820",1820,2018-08-06,3910,2
"1821",1821,2018-08-06,3241,3
"1822",1822,2018-08-06,1869,1
"1823",1823,2018-08-06,1721,4
"1824",1824,2018-08-06,491,2
"1825",1825,2018-08-07,2245,2
"1826",1826,2018-08-07,319,4
"1827",1827,2018-08-07,3740,2
"1828",1828,2018-08-07,1238,1
"1829",1829,2018-08-07,317,4
"1830",1830,2018-08-07,2469,1
"1831",1831,2018-08-07,652,4
"1832",1832,2018-08-07,1712,2
"1833",1833,2018-08-07,3940,2
"1834",1834,2018-08-08,4736,2
"1835",1835,2018-08-08,1077,1
"1836",1836,2018-08-08,3995,1
"1837",1837,2018-08-08,146,1
"1838",1838,2018-08-08,1557,1
"1839",1839,2018-08-08,3461,3
"1840",1840,2018-08-08,400,1
"1841",1841,2018-08-08,1892,4
"1842",1842,2018-08-08,3853,1
"1843",1843,2018-08-08,299,3
"1844",1844,2018-08-08,696,3
"1845",1845,2018-08-08,777,1
"1846",1846,2018-08-08,760,2
"1847",1847,2018-08-08,1048,5
"1848",1848,2018-08-09,2982,4
"1849",1849,2018-08-09,4803,1
"1850",1850,2018-08-09,1069,3
"1851",1851,2018-08-09,3852,3
"1852",1852,2018-08-09,283,1
"1853",1853,2018-08-09,4751,1
"1854",1854,2018-08-09,2390,1
"1855",1855,2018-08-09,2331,1
"1856",1856,2018-08-09,1752,1
"1857",1857,2018-08-09,863,3
"1858",1858,2018-08-09,2402,2
"1859",1859,2018-08-09,3668,4
"1860",1860,2018-08-09,3719,1
"1861",1861,2018-08-09,2717,2
"1862",1862,2018-08-09,1789,2
"1863",1863,2018-08-09,4527,3
"1864",1864,2018-08-09,3990,4
"1865",1865,2018-08-10,918,4
"1866",1866,2018-08-10,2342,2
"1867",1867,2018-08-10,2500,1
"1868",1868,2018-08-10,830,1
"1869",1869,2018-08-10,4024,3
"1870",1870,2018-08-10,570,2
"1871",1871,2018-08-10,2307,3
"1872",1872,2018-08-10,2970,3
"1873",1873,2018-08-10,1501,1
"1874",1874,2018-08-10,3612,4
"1875",1875,2018-08-10,326,1
"1876",1876,2018-08-10,938,1
"1877",1877,2018-08-10,4427,4
"1878",1878,2018-08-10,1761,1
"1879",1879,2018-08-10,4421,4
"1880",1880,2018-08-10,3143,2
"1881",1881,2018-08-10,1207,1
"1882",1882,2018-08-10,810,4
"1883",1883,2018-08-11,152,1
"1884",1884,2018-08-11,4665,2
"1885",1885,2018-08-11,4412,2
"1886",1886,2018-08-11,3832,4
"1887",1887,2018-08-11,4202,2
"1888",1888,2018-08-11,3412,1
"1889",1889,2018-08-11,2296,1
"1890",1890,2018-08-11,4816,2
"1891",1891,2018-08-11,3564,1
"1892",1892,2018-08-11,1319,2
"1893",1893,2018-08-11,4217,1
"1894",1894,2018-08-11,2258,1
"1895",1895,2018-08-11,4341,3
"1896",1896,2018-08-11,4790,1
"1897",1897,2018-08-11,3503,2
"1898",1898,2018-08-11,903,3
"1899",1899,2018-08-11,4460,1
"1900",1900,2018-08-11,4521,2
"1901",1901,2018-08-11,125,4
"1902",1902,2018-08-11,1284,3
"1903",1903,2018-08-11,1898,2
"1904",1904,2018-08-11,4060,2
"1905",1905,2018-08-11,4520,3
"1906",1906,2018-08-11,1976,1
"1907",1907,2018-08-12,4596,1
"1908",1908,2018-08-12,4533,2
"1909",1909,2018-08-12,3344,3
"1910",1910,2018-08-12,1415,1
"1911",1911,2018-08-12,8,2
"1912",1912,2018-08-12,2712,1
"1913",1913,2018-08-12,3423,1
"1914",1914,2018-08-12,2900,4
"1915",1915,2018-08-12,64,1
"1916",1916,2018-08-12,646,2
"1917",1917,2018-08-12,289,2
"1918",1918,2018-08-12,3612,2
"1919",1919,2018-08-12,2727,3
"1920",1920,2018-08-12,56,1
"1921",1921,2018-08-12,2937,1
"1922",1922,2018-08-12,1237,1
"1923",1923,2018-08-12,4474,2
"1924",1924,2018-08-12,4690,1
"1925",1925,2018-08-12,2975,1
"1926",1926,2018-08-12,4085,3
"1927",1927,2018-08-12,4601,2
"1928",1928,2018-08-12,1602,2
"1929",1929,2018-08-13,3624,1
"1930",1930,2018-08-13,13,2
"1931",1931,2018-08-13,1398,1
"1932",1932,2018-08-13,250,2
"1933",1933,2018-08-13,3444,3
"1934",1934,2018-08-13,1840,1
"1935",1935,2018-08-13,3812,3
"1936",1936,2018-08-13,2016,3
"1937",1937,2018-08-13,1625,2
"1938",1938,2018-08-13,3338,2
"1939",1939,2018-08-13,4912,4
"1940",1940,2018-08-13,4069,1
"1941",1941,2018-08-13,1930,1
"1942",1942,2018-08-13,3987,2
"1943",1943,2018-08-13,1854,2
"1944",1944,2018-08-13,2576,2
"1945",1945,2018-08-13,2162,1
"1946",1946,2018-08-14,2919,2
"1947",1947,2018-08-14,290,1
"1948",1948,2018-08-14,3575,2
"1949",1949,2018-08-14,3598,3
"1950",1950,2018-08-14,3808,1
"1951",1951,2018-08-14,2177,2
"1952",1952,2018-08-14,648,2
"1953",1953,2018-08-14,1270,4
"1954",1954,2018-08-14,672,3
"1955",1955,2018-08-14,2952,2
"1956",1956,2018-08-14,1415,4
"1957",1957,2018-08-14,4779,1
"1958",1958,2018-08-15,120,3
"1959",1959,2018-08-15,3403,3
"1960",1960,2018-08-15,1575,1
"1961",1961,2018-08-15,852,1
"1962",1962,2018-08-15,189,1
"1963",1963,2018-08-15,3921,2
"1964",1964,2018-08-15,4901,1
"1965",1965,2018-08-15,1236,1
"1966",1966,2018-08-15,3740,1
"1967",1967,2018-08-15,4581,4
"1968",1968,2018-08-15,4492,2
"1969",1969,2018-08-15,2130,4
"1970",1970,2018-08-15,1202,1
"1971",1971,2018-08-15,1883,1
"1972",1972,2018-08-15,861,3
"1973",1973,2018-08-16,717,1
"1974",1974,2018-08-16,3046,1
"1975",1975,2018-08-16,738,1
"1976",1976,2018-08-16,4080,2
"1977",1977,2018-08-16,828,1
"1978",1978,2018-08-16,1783,2
"1979",1979,2018-08-16,1823,1
"1980",1980,2018-08-16,737,1
"1981",1981,2018-08-16,421,1
"1982",1982,2018-08-16,3707,2
"1983",1983,2018-08-16,1909,2
"1984",1984,2018-08-16,749,2
"1985",1985,2018-08-16,3308,1
"1986",1986,2018-08-16,3427,1
"1987",1987,2018-08-16,498,1
"1988",1988,2018-08-17,1368,1
"1989",1989,2018-08-17,217,1
"1990",1990,2018-08-17,4833,1
"1991",1991,2018-08-17,499,1
"1992",1992,2018-08-17,726,2
"1993",1993,2018-08-17,3498,2
"1994",1994,2018-08-17,2566,1
"1995",1995,2018-08-17,3808,1
"1996",1996,2018-08-17,128,2
"1997",1997,2018-08-17,3964,4
"1998",1998,2018-08-17,2175,2
"1999",1999,2018-08-17,3964,2
"2000",2000,2018-08-17,3450,3
"2001",2001,2018-08-17,609,3
"2002",2002,2018-08-17,398,3
"2003",2003,2018-08-17,4222,2
"2004",2004,2018-08-17,1378,3
"2005",2005,2018-08-17,3833,2
"2006",2006,2018-08-17,3166,2
"2007",2007,2018-08-18,2858,1
"2008",2008,2018-08-18,3342,4
"2009",2009,2018-08-18,1520,4
"2010",2010,2018-08-18,1744,3
"2011",2011,2018-08-18,35,2
"2012",2012,2018-08-18,4191,2
"2013",2013,2018-08-18,3819,1
"2014",2014,2018-08-18,317,2
"2015",2015,2018-08-18,4436,1
"2016",2016,2018-08-18,3114,3
"2017",2017,2018-08-18,3637,3
"2018",2018,2018-08-18,3541,1
"2019",2019,2018-08-18,3644,3
"2020",2020,2018-08-18,4311,4
"2021",2021,2018-08-18,3393,3
"2022",2022,2018-08-18,2588,2
"2023",2023,2018-08-18,1642,1
"2024",2024,2018-08-18,2404,4
"2025",2025,2018-08-18,862,1
"2026",2026,2018-08-18,3418,3
"2027",2027,2018-08-18,667,1
"2028",2028,2018-08-18,2546,1
"2029",2029,2018-08-18,4329,2
"2030",2030,2018-08-18,321,2
"2031",2031,2018-08-19,807,2
"2032",2032,2018-08-19,190,1
"2033",2033,2018-08-19,647,3
"2034",2034,2018-08-19,4190,1
"2035",2035,2018-08-19,1130,1
"2036",2036,2018-08-19,1384,2
"2037",2037,2018-08-19,1591,2
"2038",2038,2018-08-19,2954,4
"2039",2039,2018-08-19,3290,2
"2040",2040,2018-08-19,2063,3
"2041",2041,2018-08-19,1236,1
"2042",2042,2018-08-19,2599,1
"2043",2043,2018-08-19,3557,1
"2044",2044,2018-08-19,2418,2
"2045",2045,2018-08-19,917,2
"2046",2046,2018-08-19,2499,1
"2047",2047,2018-08-19,256,2
"2048",2048,2018-08-19,4578,2
"2049",2049,2018-08-19,1358,2
"2050",2050,2018-08-19,2441,4
"2051",2051,2018-08-19,2424,1
"2052",2052,2018-08-19,3435,2
"2053",2053,2018-08-19,1662,1
"2054",2054,2018-08-19,3405,3
"2055",2055,2018-08-20,4259,3
"2056",2056,2018-08-20,4431,2
"2057",2057,2018-08-20,3212,3
"2058",2058,2018-08-20,2264,1
"2059",2059,2018-08-20,4226,1
"2060",2060,2018-08-20,2671,2
"2061",2061,2018-08-20,1233,2
"2062",2062,2018-08-20,3728,2
"2063",2063,2018-08-20,153,4
"2064",2064,2018-08-20,4923,1
"2065",2065,2018-08-20,2857,1
"2066",2066,2018-08-20,3256,1
"2067",2067,2018-08-20,232,1
"2068",2068,2018-08-21,4042,1
"2069",2069,2018-08-21,4899,2
"2070",2070,2018-08-21,3601,1
"2071",2071,2018-08-21,4,2
"2072",2072,2018-08-21,1474,2
"2073",2073,2018-08-21,3359,1
"2074",2074,2018-08-21,4620,1
"2075",2075,2018-08-21,45,1
"2076",2076,2018-08-21,3293,1
"2077",2077,2018-08-21,3209,3
"2078",2078,2018-08-21,3055,1
"2079",2079,2018-08-21,3285,1
"2080",2080,2018-08-21,3262,1
"2081",2081,2018-08-21,2764,1
"2082",2082,2018-08-21,749,1
"2083",2083,2018-08-21,1237,1
"2084",2084,2018-08-21,229,3
"2085",2085,2018-08-21,1824,2
"2086",2086,2018-08-21,2899,1
"2087",2087,2018-08-21,775,4
"2088",2088,2018-08-21,2321,2
"2089",2089,2018-08-21,4341,4
"2090",2090,2018-08-22,3335,2
"2091",2091,2018-08-22,4822,1
"2092",2092,2018-08-22,365,1
"2093",2093,2018-08-22,4824,2
"2094",2094,2018-08-22,1895,1
"2095",2095,2018-08-22,2245,1
"2096",2096,2018-08-22,2997,3
"2097",2097,2018-08-22,1385,3
"2098",2098,2018-08-22,3835,1
"2099",2099,2018-08-22,1419,1
"2100",2100,2018-08-22,4618,1
"2101",2101,2018-08-22,847,4
"2102",2102,2018-08-22,2952,2
"2103",2103,2018-08-22,2238,2
"2104",2104,2018-08-23,2010,2
"2105",2105,2018-08-23,1308,2
"2106",2106,2018-08-23,1069,3
"2107",2107,2018-08-23,4548,1
"2108",2108,2018-08-23,4605,2
"2109",2109,2018-08-23,3352,2
"2110",2110,2018-08-23,4525,1
"2111",2111,2018-08-23,1315,2
"2112",2112,2018-08-23,108,1
"2113",2113,2018-08-23,386,1
"2114",2114,2018-08-23,3984,2
"2115",2115,2018-08-23,1726,3
"2116",2116,2018-08-23,1114,4
"2117",2117,2018-08-23,1997,1
"2118",2118,2018-08-23,2155,2
"2119",2119,2018-08-23,263,2
"2120",2120,2018-08-23,4082,2
"2121",2121,2018-08-23,3972,3
"2122",2122,2018-08-24,1797,1
"2123",2123,2018-08-24,566,2
"2124",2124,2018-08-24,3956,3
"2125",2125,2018-08-24,54,1
"2126",2126,2018-08-24,201,2
"2127",2127,2018-08-24,335,2
"2128",2128,2018-08-24,1517,4
"2129",2129,2018-08-24,3577,2
"2130",2130,2018-08-24,3044,2
"2131",2131,2018-08-24,4923,1
"2132",2132,2018-08-25,3954,1
"2133",2133,2018-08-25,2839,1
"2134",2134,2018-08-25,558,1
"2135",2135,2018-08-25,2105,2
"2136",2136,2018-08-25,4624,1
"2137",2137,2018-08-25,3869,1
"2138",2138,2018-08-25,2201,2
"2139",2139,2018-08-25,219,1
"2140",2140,2018-08-25,711,1
"2141",2141,2018-08-25,425,2
"2142",2142,2018-08-25,2558,1
"2143",2143,2018-08-25,866,2
"2144",2144,2018-08-25,583,2
"2145",2145,2018-08-25,2668,1
"2146",2146,2018-08-25,1647,1
"2147",2147,2018-08-25,3323,1
"2148",2148,2018-08-25,3089,1
"2149",2149,2018-08-25,1199,2
"2150",2150,2018-08-26,1230,2
"2151",2151,2018-08-26,569,2
"2152",2152,2018-08-26,2708,1
"2153",2153,2018-08-26,2841,1
"2154",2154,2018-08-26,4319,4
"2155",2155,2018-08-26,4475,2
"2156",2156,2018-08-26,4544,4
"2157",2157,2018-08-26,4849,1
"2158",2158,2018-08-26,4962,1
"2159",2159,2018-08-26,2301,2
"2160",2160,2018-08-26,1817,2
"2161",2161,2018-08-26,4967,1
"2162",2162,2018-08-26,4246,3
"2163",2163,2018-08-26,1693,4
"2164",2164,2018-08-26,1952,1
"2165",2165,2018-08-26,4808,4
"2166",2166,2018-08-26,4446,1
"2167",2167,2018-08-26,2809,2
"2168",2168,2018-08-26,1535,2
"2169",2169,2018-08-26,4816,4
"2170",2170,2018-08-26,4643,1
"2171",2171,2018-08-26,3635,1
"2172",2172,2018-08-27,4839,2
"2173",2173,2018-08-27,2514,3
"2174",2174,2018-08-27,2605,2
"2175",2175,2018-08-27,262,1
"2176",2176,2018-08-27,591,4
"2177",2177,2018-08-27,4875,4
"2178",2178,2018-08-27,4464,4
"2179",2179,2018-08-27,4818,3
"2180",2180,2018-08-27,649,1
"2181",2181,2018-08-27,1907,1
"2182",2182,2018-08-27,1377,2
"2183",2183,2018-08-27,3419,2
"2184",2184,2018-08-27,3736,4
"2185",2185,2018-08-27,2274,1
"2186",2186,2018-08-28,1169,1
"2187",2187,2018-08-28,2339,1
"2188",2188,2018-08-28,2213,1
"2189",2189,2018-08-28,4841,2
"2190",2190,2018-08-28,286,2
"2191",2191,2018-08-28,3144,3
"2192",2192,2018-08-28,1859,3
"2193",2193,2018-08-28,601,2
"2194",2194,2018-08-28,4273,2
"2195",2195,2018-08-28,4863,2
"2196",2196,2018-08-28,4072,2
"2197",2197,2018-08-28,3441,3
"2198",2198,2018-08-29,805,2
"2199",2199,2018-08-29,4430,3
"2200",2200,2018-08-29,4244,1
"2201",2201,2018-08-29,728,3
"2202",2202,2018-08-29,453,2
"2203",2203,2018-08-29,3469,2
"2204",2204,2018-08-29,1847,2
"2205",2205,2018-08-29,1640,1
"2206",2206,2018-08-30,3582,3
"2207",2207,2018-08-30,1333,4
"2208",2208,2018-08-30,4068,2
"2209",2209,2018-08-30,1480,3
"2210",2210,2018-08-30,2216,1
"2211",2211,2018-08-30,62,4
"2212",2212,2018-08-30,4560,2
"2213",2213,2018-08-30,278,3
"2214",2214,2018-08-30,428,4
"2215",2215,2018-08-30,626,1
"2216",2216,2018-08-30,2683,4
"2217",2217,2018-08-30,2721,4
"2218",2218,2018-08-30,1846,2
"2219",2219,2018-08-30,2143,1
"2220",2220,2018-08-30,1361,3
"2221",2221,2018-08-31,4154,2
"2222",2222,2018-08-31,1207,1
"2223",2223,2018-08-31,1400,1
"2224",2224,2018-08-31,1380,3
"2225",2225,2018-08-31,1348,1
"2226",2226,2018-08-31,3265,3
"2227",2227,2018-08-31,3544,2
"2228",2228,2018-08-31,1444,1
"2229",2229,2018-08-31,1912,2
"2230",2230,2018-08-31,4322,3
"2231",2231,2018-08-31,2659,3
